Message,Message ID,Name,Startbit,Length [Bit],Comment,
BCL,0x181056F4,CurrentDemand,16,16,Current demand (A),
BCL,0x181056F4,VoltageDemand,0,16,Voltage demand (V),
BEM,0x81E56F4,Timeout_CCS,16,2,Timeout  of  charger's  charging  state  message,
BEM,0x81E56F4,Timeout_CRO,10,2,Timeout of charger's charging preparation completion message,
BEM,0x81E56F4,Timeout_CRO_NotReady,0,2,Timeout of CRO with SPN2560=0×00,
BEM,0x81E56F4,Timeout_CRO_Ready,2,2,Timeout of CRO with SPN2560=0×AA,
BEM,0x81E56F4,Timeout_CSD,24,2,Timeout of charger's charging statistics message,
BEM,0x81E56F4,Timeout_CST,18,2,Timeout of charger's charging suspension message,
BEM,0x81E56F4,Timeout_CTS_CML,8,2,Timeout of charger time synchronization message and charger maximum output capacity message,
BHM,0x182756F4,MaxChargingVoltage,0,16,Total maximum permissible charging voltage,
BRM,0x1C0256F4,BatteryPackNumber,96,32,"Battery pack No., which is reserved and will be defined by the manufacturer",
BRM,0x1C0256F4,BatterySystemCapacity,32,16,Capacity of the power storage battery system of whole vehicle,
BRM,0x1C0256F4,BatterySystemVoltage,48,16,Total voltage of the power storage battery system of whole vehicle,
BRM,0x1C0256F4,BatteryType,24,8,Battery type,
BRM,0x1C0256F4,BmsRevision,0,8,"In this standard, as for the charger communication protocol version No., its current version is specified as V1.1 and is expressed as: byte 1 -- 01H",
BRM,0x1C0256F4,BmsSoftwareVersion_CompileDay,336,8,"BMS software version number, determined according to hexadecimal coding. In which, Byte2 - 01H~1FH represents compilation day (e.g. the 10the day: fill in Byte 2 0AH)",
BRM,0x1C0256F4,BmsSoftwareVersion_CompileMonth,344,8,"BMS software version number, determined according to hexadecimal coding. In which, Byte3 - 01H~0CH represents compilation month (e.g. November: fill in Byte 3 0BH)",
BRM,0x1C0256F4,BmsSoftwareVersion_CompileYear,352,16,"BMS software version number, determined according to hexadecimal coding. In which, Byte5, Byte4 - 0001H~FFFEH represents compilation year (e.g. the year of 2015: fill in Byte5-DFH, byte4-07H)",
BRM,0x1C0256F4,BmsSoftwareVersion_Reserved,368,24,"BMS software version number 8byte represents current BMS version information, determined according to hexadecimal coding. In which, Byte8, byte7, byte6-000001H~FFFFFEH, reserved, fill in FFFFFFH",
BRM,0x1C0256F4,BmsSoftwareVersion_Serial,328,8,"BMS software version number, determined according to hexadecimal coding. In which, Byte1 - 01H~FEH represents edition serial number (e.g. 16: fill in Byte 1-10H)",
BRM,0x1C0256F4,BmsVersion,8,16,"In this standard, as for the charger communication protocol version No., its current version is specified as V1.1 and is expressed as: byte3, byte2 -- 0001H",
BRM,0x1C0256F4,BRM_Reserved1,184,8,Reserved,
BRM,0x1C0256F4,ChargingFrequency,152,24,"Battery set charging frequency, which is subject to BMS statistics.",
BRM,0x1C0256F4,ManufacturerName,64,32,Battery manufacturer name,
BRM,0x1C0256F4,ProductionDay,144,8,Battery set production day,
BRM,0x1C0256F4,ProductionMonth,136,8,Battery set production month,
BRM,0x1C0256F4,ProductionYear,128,8,Battery set production year,
BRM,0x1C0256F4,Property,176,8,Battery set property right mark,
BRM,0x1C0256F4,VIN,192,136,Vehicle identification number (VIN),
BRO,0x100956F4,BmsReadyForCharging,0,8,Whether BMS is ready for charging,
BSD,0x181C56F4,SingleBatteryMaxTemperature,48,8,Maximum temperature of power storage battery (°C),
BSD,0x181C56F4,SingleBatteryMaxVoltage,24,16,Maximum voltage of single power storage battery (V),
BSD,0x181C56F4,SingleBatteryMinTemperature,40,8,Minimum temperature of power storage battery (°C),
BSD,0x181C56F4,SingleBatteryMinVoltage,8,16,Minimum voltage of single power storage battery (V),
BSD,0x181C56F4,SuspendStateOfChargeSOC,0,8,Suspend state-of-charge SOC (%),
BSM,0x181356F4,BatteryCellVoltageState,40,2,Voltage state of battery cell,
BSM,0x181356F4,BatteryChargingOvercurrent,44,2,Charging overcurrent of power storage battery,
BSM,0x181356F4,BatteryExcessTemperature,46,2,Excess temperature of power storage battery,
BSM,0x181356F4,BatteryHighestTemp,8,8,Highest temperature of power storage battery,
BSM,0x181356F4,BatteryHighestTempSerNo,16,8,Serial number of the highest temperature detection point,
BSM,0x181356F4,BatteryInsulationState,48,2,Insulation state of power storage battery,
BSM,0x181356F4,BatteryLowestTemp,24,8,The lowest temperature of power storage battery,
BSM,0x181356F4,BatteryLowestTempSerNo,32,8,Serial number of the lowest temperature detection point of power storage battery,
BSM,0x181356F4,BatteryOutputConnectorState,50,2,Connection state of output connector of power storage battery set,
BSM,0x181356F4,ChargingPermissible,52,2,Charging permissible,
BSM,0x181356F4,SingleBatteryHighestVoltageSerNo,0,8,Serial number of the highest voltage of single power storage battery,
BSM,0x181356F4,StateOfCharge,42,2,State-of-charge SOC of power storage battery for complete vehicle,
BST,0x101956F4,AbnormalVoltageError,26,2,Whether voltage is abnormal,
BST,0x101956F4,BatterySetOverTemp,16,2,Battery set over-temperature,
BST,0x101956F4,BmsConnectorOverTemp,12,2,BMS component and output connector over-temperature,
BST,0x101956F4,ChargerSuspendsActively,6,2,Wether charger actively suspends,
BST,0x101956F4,ChargingConnectorFault,14,2,Charging connector fault,
BST,0x101956F4,ExcessiveCurrentError,24,2,Whether current exceeds the demand value,
BST,0x101956F4,HighVoltageRelayFault,18,2,High voltage relay fault,
BST,0x101956F4,InsulationFault,8,2,Wether insulation fault,
BST,0x101956F4,OtherFaults,22,2,Other faults,
BST,0x101956F4,OutputConnectorOverTemp,10,2,Output connector over-temperature,
BST,0x101956F4,RequiredSocTargetValue,0,2,Wether the required SOC target value reached,
BST,0x101956F4,SettingValueOfSingleVoltage,4,2,Wether the setting value of single voltage reached,
BST,0x101956F4,SettingValueOfTotalVoltage,2,2,Wether the setting value of total voltage reached,
BST,0x101956F4,VoltageDetectionFault,20,2,Voltage detection fault at check point 2,
CCS,0x1812F456,ChargingPermissible,48,2,Charging permissible,
CCS,0x1812F456,CumulativeChargingTime,32,16,Cumulative charging time (min),
CCS,0x1812F456,CurrentOutputValue,16,16,Current output value (A),
CCS,0x1812F456,VoltageOutputValue,0,16,Voltage output value (V),
CEM,0x81FF456,Timeout_BCP,8,2,Timeout of battery charging parameter message,
CEM,0x81FF456,Timeout_BCS,16,2,Timeout of overall battery charging state message,
CEM,0x81FF456,Timeout_BRM,0,2,Timeout of BMS and vehicle recognition message,
CEM,0x81FF456,Timeout_BRO,10,2,Timeout of BMS's charging preparation completion message,
CEM,0x81FF456,Timeout_BSD,24,2,Timeout of BMS's charging statistics message,
CEM,0x81FF456,Timeout_BSM,18,2,Timeout of battery charging requirement message,
CEM,0x81FF456,Timeout_BST,20,2,Timeout of BMS's charging suspension message,
CML,0x1808F456,MaxOutputCurrent,32,16,Maximum output current (A),
CML,0x1808F456,MaxOutputVoltage,0,16,Maximum output voltage (V),
CML,0x1808F456,MinOutputCurrent,48,16,Minimum output current (A),
CML,0x1808F456,MinOutputVoltage,16,16,Minimum output voltage (V),
CRM,0x1801F456,ChargerLocation,40,24,Charger/charging station location code,
CRM,0x1801F456,ChargerNumber,8,32,Charger Number,
CRM,0x1801F456,RecognitionResult,0,8,Recognition  result,
CRO,0x100AF456,ChargerReadyForCharging,0,8,Whether charger is ready for charging,
CSD,0x181DF456,ChargerNo,32,32,Charger No.,
CSD,0x181DF456,CumulativeChargingTime,0,16,Cumulative charging time (min),
CSD,0x181DF456,OutputEnergy,16,16,Output energy,
CST,0x101AF456,AbnormalVoltageError,26,2,Voltage is abnormal,
CST,0x101AF456,BmsActivelySuspends,6,2,BMS actively suspends charging,
CST,0x101AF456,CannotSupplyReqElQuantity,14,2,The required electric quantity cannot be transmitted,
CST,0x101AF456,ChargerIntPartOverTemp,12,2,Charger is over-temperature at the internal part,
CST,0x101AF456,ChargerOverTemp,8,2,Charging suspended: charger over-temperature,
CST,0x101AF456,ChargingConnectorFault,10,2,Charging suspended: charging connector fault,
CST,0x101AF456,ConditionReached,0,2,Charging suspends due to reaching the condition set by charger,
CST,0x101AF456,CurrentMismatchError,24,2,Current mismatching,
CST,0x101AF456,FaultSuspension,4,2,Charging fault suspension,
CST,0x101AF456,OtherFault,18,2,Other fault,
CST,0x101AF456,SuddenStop,16,2,Sudden stop of charger,
CST,0x101AF456,SuspendsArtificially,2,2,Charging suspends artificially,
CHM,0x1826F456,MajorChargerVersion,8,16,,
BMT;0x1C1656F4;BatteryTemperature074;584;8;Power storage battery temperature 74,,,,,,
BMT;0x1C1656F4;BatteryTemperature075;592;8;Power storage battery temperature 75,,,,,,
BMT;0x1C1656F4;BatteryTemperature076;600;8;Power storage battery temperature 76,,,,,,
BMT;0x1C1656F4;BatteryTemperature077;608;8;Power storage battery temperature 77,,,,,,
BMT;0x1C1656F4;BatteryTemperature078;616;8;Power storage battery temperature 78,,,,,,
BMT;0x1C1656F4;BatteryTemperature079;624;8;Power storage battery temperature 79,,,,,,
BMT;0x1C1656F4;BatteryTemperature080;632;8;Power storage battery temperature 80,,,,,,
BMT;0x1C1656F4;BatteryTemperature081;640;8;Power storage battery temperature 81,,,,,,
BMT;0x1C1656F4;BatteryTemperature082;648;8;Power storage battery temperature 82,,,,,,
BMT;0x1C1656F4;BatteryTemperature083;656;8;Power storage battery temperature 83,,,,,,
BMT;0x1C1656F4;BatteryTemperature084;664;8;Power storage battery temperature 84,,,,,,
BMT;0x1C1656F4;BatteryTemperature085;672;8;Power storage battery temperature 85,,,,,,
BMT;0x1C1656F4;BatteryTemperature086;680;8;Power storage battery temperature 86,,,,,,
BMT;0x1C1656F4;BatteryTemperature087;688;8;Power storage battery temperature 87,,,,,,
BMT;0x1C1656F4;BatteryTemperature088;696;8;Power storage battery temperature 88,,,,,,
BMT;0x1C1656F4;BatteryTemperature089;704;8;Power storage battery temperature 89,,,,,,
BMT;0x1C1656F4;BatteryTemperature090;712;8;Power storage battery temperature 90,,,,,,
BMT;0x1C1656F4;BatteryTemperature091;720;8;Power storage battery temperature 91,,,,,,
BMT;0x1C1656F4;BatteryTemperature092;728;8;Power storage battery temperature 92,,,,,,
BMT;0x1C1656F4;BatteryTemperature093;736;8;Power storage battery temperature 93,,,,,,
BMT;0x1C1656F4;BatteryTemperature094;744;8;Power storage battery temperature 94,,,,,,
BMT;0x1C1656F4;BatteryTemperature095;752;8;Power storage battery temperature 95,,,,,,
BMT;0x1C1656F4;BatteryTemperature096;760;8;Power storage battery temperature 96,,,,,,
BMT;0x1C1656F4;BatteryTemperature097;768;8;Power storage battery temperature 97,,,,,,
BMT;0x1C1656F4;BatteryTemperature098;776;8;Power storage battery temperature 98,,,,,,
BMT;0x1C1656F4;BatteryTemperature099;784;8;Power storage battery temperature 99,,,,,,
BMT;0x1C1656F4;BatteryTemperature100;792;8;Power storage battery temperature 100,,,,,,
BMT;0x1C1656F4;BatteryTemperature101;800;8;Power storage battery temperature 101,,,,,,
BMT;0x1C1656F4;BatteryTemperature102;808;8;Power storage battery temperature 102,,,,,,
BMT;0x1C1656F4;BatteryTemperature103;816;8;Power storage battery temperature 103,,,,,,
BMT;0x1C1656F4;BatteryTemperature104;824;8;Power storage battery temperature 104,,,,,,
BMT;0x1C1656F4;BatteryTemperature105;832;8;Power storage battery temperature 105,,,,,,
BMT;0x1C1656F4;BatteryTemperature106;840;8;Power storage battery temperature 106,,,,,,
BMT;0x1C1656F4;BatteryTemperature107;848;8;Power storage battery temperature 107,,,,,,
BMT;0x1C1656F4;BatteryTemperature108;856;8;Power storage battery temperature 108,,,,,,
BMT;0x1C1656F4;BatteryTemperature109;864;8;Power storage battery temperature 109,,,,,,
BMT;0x1C1656F4;BatteryTemperature110;872;8;Power storage battery temperature 110,,,,,,
BMT;0x1C1656F4;BatteryTemperature111;880;8;Power storage battery temperature 111,,,,,,
BMT;0x1C1656F4;BatteryTemperature112;888;8;Power storage battery temperature 112,,,,,,
BMT;0x1C1656F4;BatteryTemperature113;896;8;Power storage battery temperature 113,,,,,,
BMT;0x1C1656F4;BatteryTemperature114;904;8;Power storage battery temperature 114,,,,,,
BMT;0x1C1656F4;BatteryTemperature115;912;8;Power storage battery temperature 115,,,,,,
BMT;0x1C1656F4;BatteryTemperature116;920;8;Power storage battery temperature 116,,,,,,
BMT;0x1C1656F4;BatteryTemperature117;928;8;Power storage battery temperature 117,,,,,,
BMT;0x1C1656F4;BatteryTemperature118;936;8;Power storage battery temperature 118,,,,,,
BMT;0x1C1656F4;BatteryTemperature119;944;8;Power storage battery temperature 119,,,,,,
BMT;0x1C1656F4;BatteryTemperature120;952;8;Power storage battery temperature 120,,,,,,
BMT;0x1C1656F4;BatteryTemperature121;960;8;Power storage battery temperature 121,,,,,,
BMT;0x1C1656F4;BatteryTemperature122;968;8;Power storage battery temperature 122,,,,,,
BMT;0x1C1656F4;BatteryTemperature123;976;8;Power storage battery temperature 123,,,,,,
BMT;0x1C1656F4;BatteryTemperature124;984;8;Power storage battery temperature 124,,,,,,
BMT;0x1C1656F4;BatteryTemperature125;992;8;Power storage battery temperature 125,,,,,,
BMT;0x1C1656F4;BatteryTemperature126;1000;8;Power storage battery temperature 126,,,,,,
BMT;0x1C1656F4;BatteryTemperature127;1008;8;Power storage battery temperature 127,,,,,,
BMT;0x1C1656F4;BatteryTemperature128;1016;8;Power storage battery temperature 128,,,,,,
BMV;0x1C1556F4;SingleBatteryGroup001;12;4;#1 single power storage battery voltage...,,,,,,
BMV;0x1C1556F4;SingleBatteryGroup002;28;4;#2 single power storage battery voltage...,,,,,,
BMV;0x1C1556F4;SingleBatteryGroup003;44;4;#3 single power storage battery voltage...,,,,,,
BMV;0x1C1556F4;SingleBatteryGroup004;60;4;#4 single power storage battery voltage...,,,,,,
BMV;0x1C1556F4;SingleBatteryGroup005;76;4;#5 single power storage battery voltage...,,,,,,
BMV;0x1C1556F4;SingleBatteryGroup006;92;4;#6 single power storage battery voltage...,,,,,,
BMV;0x1C1556F4;SingleBatteryGroup007;108;4;#7 single power storage battery voltage...,,,,,,
BMV;0x1C1556F4;SingleBatteryGroup008;124;4;#8 single power storage battery voltage...,,,,,,
BMV;0x1C1556F4;SingleBatteryGroup009;140;4;#9 single power storage battery voltage...,,,,,,
BMV;0x1C1556F4;SingleBatteryGroup010;156;4;#10 single power storage battery voltage...,,,,,,
BMV;0x1C1556F4;SingleBatteryGroup011;172;4;#11 single power storage battery voltage...,,,,,,
BMV;0x1C1556F4;SingleBatteryGroup012;188;4;#12 single power storage battery voltage...,,,,,,
BMV;0x1C1556F4;SingleBatteryGroup013;204;4;#13 single power storage battery voltage...,,,,,,
BMV;0x1C1556F4;SingleBatteryGroup014;220;4;#14 single power storage battery voltage...,,,,,,
BMV;0x1C1556F4;SingleBatteryGroup015;236;4;#15 single power storage battery voltage...,,,,,,
BMV;0x1C1556F4;SingleBatteryGroup016;252;4;#16 single power storage battery voltage...,,,,,,
BMV;0x1C1556F4;SingleBatteryGroup017;268;4;#17 single power storage battery voltage...,,,,,,
BMV;0x1C1556F4;SingleBatteryGroup018;284;4;#18 single power storage battery voltage...,,,,,,
BMV;0x1C1556F4;SingleBatteryGroup019;300;4;#19 single power storage battery voltage...,,,,,,
BMV;0x1C1556F4;SingleBatteryGroup020;316;4;#20 single power storage battery voltage...,,,,,,
BMV;0x1C1556F4;SingleBatteryGroup021;332;4;#21 single power storage battery voltage...,,,,,,
BMV;0x1C1556F4;SingleBatteryGroup022;348;4;#22 single power storage battery voltage...,,,,,,
BMV;0x1C1556F4;SingleBatteryGroup023;364;4;#23 single power storage battery voltage...,,,,,,
BMV;0x1C1556F4;SingleBatteryGroup024;380;4;#24 single power storage battery voltage...,,,,,,
BMV;0x1C1556F4;SingleBatteryGroup025;396;4;#25 single power storage battery voltage...,,,,,,
BMV;0x1C1556F4;SingleBatteryGroup026;412;4;#26 single power storage battery voltage...,,,,,,
BMV;0x1C1556F4;SingleBatteryGroup027;428;4;#27 single power storage battery voltage...,,,,,,
BMV;0x1C1556F4;SingleBatteryGroup028;444;4;#28 single power storage battery voltage...,,,,,,
BMV;0x1C1556F4;SingleBatteryGroup029;460;4;#29 single power storage battery voltage...,,,,,,
BMV;0x1C1556F4;SingleBatteryGroup030;476;4;#30 single power storage battery voltage...,,,,,,
BMV;0x1C1556F4;SingleBatteryGroup031;492;4;#31 single power storage battery voltage...,,,,,,
BMV;0x1C1556F4;SingleBatteryGroup032;508;4;#32 single power storage battery voltage...,,,,,,
BMV;0x1C1556F4;SingleBatteryGroup033;524;4;#33 single power storage battery voltage...,,,,,,
BMV;0x1C1556F4;SingleBatteryGroup034;540;4;#34 single power storage battery voltage...,,,,,,
BMV;0x1C1556F4;SingleBatteryGroup035;556;4;#35 single power storage battery voltage...,,,,,,
BMV;0x1C1556F4;SingleBatteryGroup036;572;4;#36 single power storage battery voltage...,,,,,,
BMV;0x1C1556F4;SingleBatteryGroup037;588;4;#37 single power storage battery voltage...,,,,,,
BMV;0x1C1556F4;SingleBatteryGroup038;604;4;#38 single power storage battery voltage...,,,,,,
BMV;0x1C1556F4;SingleBatteryGroup039;620;4;#39 single power storage battery voltage...,,,,,,
BMV;0x1C1556F4;SingleBatteryGroup040;636;4;#40 single power storage battery voltage...,,,,,,
BMV;0x1C1556F4;SingleBatteryGroup041;652;4;#41 single power storage battery voltage...,,,,,,
BMV;0x1C1556F4;SingleBatteryGroup042;668;4;#42 single power storage battery voltage...,,,,,,
BMV;0x1C1556F4;SingleBatteryGroup043;684;4;#43 single power storage battery voltage...,,,,,,
BMV;0x1C1556F4;SingleBatteryGroup044;700;4;#44 single power storage battery voltage...,,,,,,
BMV;0x1C1556F4;SingleBatteryGroup045;716;4;#45 single power storage battery voltage...,,,,,,
BMV;0x1C1556F4;SingleBatteryGroup046;732;4;#46 single power storage battery voltage...,,,,,,
BMV;0x1C1556F4;SingleBatteryGroup047;748;4;#47 single power storage battery voltage...,,,,,,
BMV;0x1C1556F4;SingleBatteryGroup048;764;4;#48 single power storage battery voltage...,,,,,,
BMV;0x1C1556F4;SingleBatteryGroup049;780;4;#49 single power storage battery voltage...,,,,,,
BMV;0x1C1556F4;SingleBatteryGroup050;796;4;#50 single power storage battery voltage...,,,,,,
BMV;0x1C1556F4;SingleBatteryGroup051;812;4;#51 single power storage battery voltage...,,,,,,
BMV;0x1C1556F4;SingleBatteryGroup052;828;4;#52 single power storage battery voltage...,,,,,,
BMV;0x1C1556F4;SingleBatteryGroup053;844;4;#53 single power storage battery voltage...,,,,,,
BMV;0x1C1556F4;SingleBatteryGroup054;860;4;#54 single power storage battery voltage...,,,,,,
BMV;0x1C1556F4;SingleBatteryGroup055;876;4;#55 single power storage battery voltage...,,,,,,
BMV;0x1C1556F4;SingleBatteryGroup056;892;4;#56 single power storage battery voltage...,,,,,,
BMV;0x1C1556F4;SingleBatteryGroup057;908;4;#57 single power storage battery voltage...,,,,,,
BMV;0x1C1556F4;SingleBatteryGroup058;924;4;#58 single power storage battery voltage...,,,,,,
BMV;0x1C1556F4;SingleBatteryGroup059;940;4;#59 single power storage battery voltage...,,,,,,
BMV;0x1C1556F4;SingleBatteryGroup060;956;4;#60 single power storage battery voltage...,,,,,,
BMV;0x1C1556F4;SingleBatteryGroup061;972;4;#61 single power storage battery voltage...,,,,,,
BMV;0x1C1556F4;SingleBatteryGroup062;988;4;#62 single power storage battery voltage...,,,,,,
BMV;0x1C1556F4;SingleBatteryGroup063;1004;4;#63 single power storage battery voltage...,,,,,,
BMV;0x1C1556F4;SingleBatteryGroup064;1020;4;#64 single power storage battery voltage...,,,,,,
BMV;0x1C1556F4;SingleBatteryGroup065;1036;4;#65 single power storage battery voltage...,,,,,,
BMV;0x1C1556F4;SingleBatteryGroup066;1052;4;#66 single power storage battery voltage...,,,,,,
BMV;0x1C1556F4;SingleBatteryGroup067;1068;4;#67 single power storage battery voltage...,,,,,,
BMV;0x1C1556F4;SingleBatteryGroup068;1084;4;#68 single power storage battery voltage...,,,,,,
BMV;0x1C1556F4;SingleBatteryGroup069;1100;4;#69 single power storage battery voltage...,,,,,,
BMV;0x1C1556F4;SingleBatteryGroup070;1116;4;#70 single power storage battery voltage...,,,,,,
BMV;0x1C1556F4;SingleBatteryGroup071;1132;4;#71 single power storage battery voltage...,,,,,,
BMV;0x1C1556F4;SingleBatteryGroup072;1148;4;#72 single power storage battery voltage...,,,,,,
BMV;0x1C1556F4;SingleBatteryGroup073;1164;4;#73 single power storage battery voltage...,,,,,,
BMV;0x1C1556F4;SingleBatteryGroup074;1180;4;#74 single power storage battery voltage...,,,,,,
BMV;0x1C1556F4;SingleBatteryGroup075;1196;4;#75 single power storage battery voltage...,,,,,,
BMV;0x1C1556F4;SingleBatteryGroup076;1212;4;#76 single power storage battery voltage...,,,,,,
BMV;0x1C1556F4;SingleBatteryGroup077;1228;4;#77 single power storage battery voltage...,,,,,,
BMV;0x1C1556F4;SingleBatteryGroup078;1244;4;#78 single power storage battery voltage...,,,,,,
BMV;0x1C1556F4;SingleBatteryGroup079;1260;4;#79 single power storage battery voltage...,,,,,,
BMV;0x1C1556F4;SingleBatteryGroup080;1276;4;#80 single power storage battery voltage...,,,,,,
BMV;0x1C1556F4;SingleBatteryGroup081;1292;4;#81 single power storage battery voltage...,,,,,,
BMV;0x1C1556F4;SingleBatteryGroup082;1308;4;#82 single power storage battery voltage...,,,,,,
BMV;0x1C1556F4;SingleBatteryGroup083;1324;4;#83 single power storage battery voltage...,,,,,,
BMV;0x1C1556F4;SingleBatteryGroup084;1340;4;#84 single power storage battery voltage...,,,,,,
BMV;0x1C1556F4;SingleBatteryGroup085;1356;4;#85 single power storage battery voltage...,,,,,,
BMV;0x1C1556F4;SingleBatteryGroup086;1372;4;#86 single power storage battery voltage...,,,,,,
BMV;0x1C1556F4;SingleBatteryGroup087;1388;4;#87 single power storage battery voltage...,,,,,,
BMV;0x1C1556F4;SingleBatteryGroup088;1404;4;#88 single power storage battery voltage...,,,,,,
BMV;0x1C1556F4;SingleBatteryGroup089;1420;4;#89 single power storage battery voltage...,,,,,,
BMV;0x1C1556F4;SingleBatteryGroup090;1436;4;#90 single power storage battery voltage...,,,,,,
BMV;0x1C1556F4;SingleBatteryGroup091;1452;4;#91 single power storage battery voltage...,,,,,,
BMV;0x1C1556F4;SingleBatteryGroup092;1468;4;#92 single power storage battery voltage...,,,,,,
BMV;0x1C1556F4;SingleBatteryGroup093;1484;4;#93 single power storage battery voltage...,,,,,,
BMV;0x1C1556F4;SingleBatteryGroup094;1500;4;#94 single power storage battery voltage...,,,,,,
BMV;0x1C1556F4;SingleBatteryGroup095;1516;4;#95 single power storage battery voltage...,,,,,,
BMV;0x1C1556F4;SingleBatteryGroup096;1532;4;#96 single power storage battery voltage...,,,,,,
BMV;0x1C1556F4;SingleBatteryGroup097;1548;4;#97 single power storage battery voltage...,,,,,,
BMV;0x1C1556F4;SingleBatteryGroup098;1564;4;#98 single power storage battery voltage...,,,,,,
BMV;0x1C1556F4;SingleBatteryGroup099;1580;4;#99 single power storage battery voltage...,,,,,,
BMV;0x1C1556F4;SingleBatteryGroup100;1596;4;#100 single power storage battery voltage...,,,,,,
BMV;0x1C1556F4;SingleBatteryGroup101;1612;4;#101 single power storage battery voltage...,,,,,,
BMV;0x1C1556F4;SingleBatteryGroup102;1628;4;#102 single power storage battery voltage...,,,,,,
BMV;0x1C1556F4;SingleBatteryGroup103;1644;4;#103 single power storage battery voltage...,,,,,,
BMV;0x1C1556F4;SingleBatteryGroup104;1660;4;#104 single power storage battery voltage...,,,,,,
BMV;0x1C1556F4;SingleBatteryGroup105;1676;4;#105 single power storage battery voltage...,,,,,,
BMV;0x1C1556F4;SingleBatteryGroup106;1692;4;#106 single power storage battery voltage...,,,,,,
BMV;0x1C1556F4;SingleBatteryGroup107;1708;4;#107 single power storage battery voltage...,,,,,,
BMV;0x1C1556F4;SingleBatteryGroup108;1724;4;#108 single power storage battery voltage...,,,,,,
BMV;0x1C1556F4;SingleBatteryGroup109;1740;4;#109 single power storage battery voltage...,,,,,,
BMV;0x1C1556F4;SingleBatteryGroup110;1756;4;#110 single power storage battery voltage...,,,,,,
BMV;0x1C1556F4;SingleBatteryGroup111;1772;4;#111 single power storage battery voltage...,,,,,,
BMV;0x1C1556F4;SingleBatteryGroup112;1788;4;#112 single power storage battery voltage...,,,,,,
BMV;0x1C1556F4;SingleBatteryGroup113;1804;4;#113 single power storage battery voltage...,,,,,,
BMV;0x1C1556F4;SingleBatteryGroup114;1820;4;#114 single power storage battery voltage...,,,,,,
BMV;0x1C1556F4;SingleBatteryGroup115;1836;4;#115 single power storage battery voltage...,,,,,,
BMV;0x1C1556F4;SingleBatteryGroup116;1852;4;#116 single power storage battery voltage...,,,,,,
BMV;0x1C1556F4;SingleBatteryGroup117;1868;4;#117 single power storage battery voltage...,,,,,,
BMV;0x1C1556F4;SingleBatteryGroup118;1884;4;#118 single power storage battery voltage...,,,,,,
BMV;0x1C1556F4;SingleBatteryGroup119;1900;4;#119 single power storage battery voltage...,,,,,,
BMV;0x1C1556F4;SingleBatteryGroup120;1916;4;#120 single power storage battery voltage...,,,,,,
BMV;0x1C1556F4;SingleBatteryGroup121;1932;4;#121 single power storage battery voltage...,,,,,,
BMV;0x1C1556F4;SingleBatteryGroup122;1948;4;#122 single power storage battery voltage...,,,,,,
BMV;0x1C1556F4;SingleBatteryGroup123;1964;4;#123 single power storage battery voltage...,,,,,,
BMV;0x1C1556F4;SingleBatteryGroup124;1980;4;#124 single power storage battery voltage...,,,,,,
BMV;0x1C1556F4;SingleBatteryGroup125;1996;4;#125 single power storage battery voltage...,,,,,,
BMV;0x1C1556F4;SingleBatteryGroup126;2012;4;#126 single power storage battery voltage...,,,,,,
BMV;0x1C1556F4;SingleBatteryGroup127;2028;4;#127 single power storage battery voltage...,,,,,,
BMV;0x1C1556F4;SingleBatteryGroup128;2044;4;#128 single power storage battery voltage...,,,,,,
BMV;0x1C1556F4;SingleBatteryGroup129;2060;4;#129 single power storage battery voltage...,,,,,,
BMV;0x1C1556F4;SingleBatteryGroup130;2076;4;#130 single power storage battery voltage...,,,,,,
BMV;0x1C1556F4;SingleBatteryGroup131;2092;4;#131 single power storage battery voltage...,,,,,,
BMV;0x1C1556F4;SingleBatteryGroup132;2108;4;#132 single power storage battery voltage...,,,,,,
BMV;0x1C1556F4;SingleBatteryGroup133;2124;4;#133 single power storage battery voltage...,,,,,,
BMV;0x1C1556F4;SingleBatteryGroup134;2140;4;#134 single power storage battery voltage...,,,,,,
BMV;0x1C1556F4;SingleBatteryGroup135;2156;4;#135 single power storage battery voltage...,,,,,,
BMV;0x1C1556F4;SingleBatteryGroup136;2172;4;#136 single power storage battery voltage...,,,,,,
BMV;0x1C1556F4;SingleBatteryGroup137;2188;4;#137 single power storage battery voltage...,,,,,,
BMV;0x1C1556F4;SingleBatteryGroup138;2204;4;#138 single power storage battery voltage...,,,,,,
BMV;0x1C1556F4;SingleBatteryGroup139;2220;4;#139 single power storage battery voltage...,,,,,,
BMV;0x1C1556F4;SingleBatteryGroup140;2236;4;#140 single power storage battery voltage...,,,,,,
BMV;0x1C1556F4;SingleBatteryGroup141;2252;4;#141 single power storage battery voltage...,,,,,,
BMV;0x1C1556F4;SingleBatteryGroup142;2268;4;#142 single power storage battery voltage...,,,,,,
BMV;0x1C1556F4;SingleBatteryGroup143;2284;4;#143 single power storage battery voltage...,,,,,,
BMV;0x1C1556F4;SingleBatteryGroup144;2300;4;#144 single power storage battery voltage...,,,,,,
BMV;0x1C1556F4;SingleBatteryGroup145;2316;4;#145 single power storage battery voltage...,,,,,,
BMV;0x1C1556F4;SingleBatteryGroup146;2332;4;#146 single power storage battery voltage...,,,,,,
BMV;0x1C1556F4;SingleBatteryGroup147;2348;4;#147 single power storage battery voltage...,,,,,,
BMV;0x1C1556F4;SingleBatteryGroup148;2364;4;#148 single power storage battery voltage...,,,,,,
BMV;0x1C1556F4;SingleBatteryGroup149;2380;4;#149 single power storage battery voltage...,,,,,,
BMV;0x1C1556F4;SingleBatteryGroup150;2396;4;#150 single power storage battery voltage...,,,,,,
BMV;0x1C1556F4;SingleBatteryGroup151;2412;4;#151 single power storage battery voltage...,,,,,,
BMV;0x1C1556F4;SingleBatteryGroup152;2428;4;#152 single power storage battery voltage...,,,,,,
BMV;0x1C1556F4;SingleBatteryGroup153;2444;4;#153 single power storage battery voltage...,,,,,,
BMV;0x1C1556F4;SingleBatteryGroup154;2460;4;#154 single power storage battery voltage...,,,,,,
BMV;0x1C1556F4;SingleBatteryGroup155;2476;4;#155 single power storage battery voltage...,,,,,,
BMV;0x1C1556F4;SingleBatteryGroup156;2492;4;#156 single power storage battery voltage...,,,,,,
BMV;0x1C1556F4;SingleBatteryGroup157;2508;4;#157 single power storage battery voltage...,,,,,,
BMV;0x1C1556F4;SingleBatteryGroup158;2524;4;#158 single power storage battery voltage...,,,,,,
BMV;0x1C1556F4;SingleBatteryGroup159;2540;4;#159 single power storage battery voltage...,,,,,,
BMV;0x1C1556F4;SingleBatteryGroup160;2556;4;#160 single power storage battery voltage...,,,,,,
BMV;0x1C1556F4;SingleBatteryGroup161;2572;4;#161 single power storage battery voltage...,,,,,,
BMV;0x1C1556F4;SingleBatteryGroup162;2588;4;#162 single power storage battery voltage...,,,,,,
BMV;0x1C1556F4;SingleBatteryGroup163;2604;4;#163 single power storage battery voltage...,,,,,,
BMV;0x1C1556F4;SingleBatteryGroup164;2620;4;#164 single power storage battery voltage...,,,,,,
BMV;0x1C1556F4;SingleBatteryGroup165;2636;4;#165 single power storage battery voltage...,,,,,,
BMV;0x1C1556F4;SingleBatteryGroup166;2652;4;#166 single power storage battery voltage...,,,,,,
BMV;0x1C1556F4;SingleBatteryGroup167;2668;4;#167 single power storage battery voltage...,,,,,,
BMV;0x1C1556F4;SingleBatteryGroup168;2684;4;#168 single power storage battery voltage...,,,,,,
BMV;0x1C1556F4;SingleBatteryGroup169;2700;4;#169 single power storage battery voltage...,,,,,,
BMV;0x1C1556F4;SingleBatteryGroup170;2716;4;#170 single power storage battery voltage...,,,,,,
BMV;0x1C1556F4;SingleBatteryGroup171;2732;4;#171 single power storage battery voltage...,,,,,,
BMV;0x1C1556F4;SingleBatteryGroup172;2748;4;#172 single power storage battery voltage...,,,,,,
BMV;0x1C1556F4;SingleBatteryGroup173;2764;4;#173 single power storage battery voltage...,,,,,,
BMV;0x1C1556F4;SingleBatteryGroup174;2780;4;#174 single power storage battery voltage...,,,,,,
BMV;0x1C1556F4;SingleBatteryGroup175;2796;4;#175 single power storage battery voltage...,,,,,,
BMV;0x1C1556F4;SingleBatteryGroup176;2812;4;#176 single power storage battery voltage...,,,,,,
BMV;0x1C1556F4;SingleBatteryGroup177;2828;4;#177 single power storage battery voltage...,,,,,,
BMV;0x1C1556F4;SingleBatteryGroup178;2844;4;#178 single power storage battery voltage...,,,,,,
BMV;0x1C1556F4;SingleBatteryGroup179;2860;4;#179 single power storage battery voltage...,,,,,,
BMV;0x1C1556F4;SingleBatteryGroup180;2876;4;#180 single power storage battery voltage...,,,,,,
BMV;0x1C1556F4;SingleBatteryGroup181;2892;4;#181 single power storage battery voltage...,,,,,,
BMV;0x1C1556F4;SingleBatteryGroup182;2908;4;#182 single power storage battery voltage...,,,,,,
BMV;0x1C1556F4;SingleBatteryGroup183;2924;4;#183 single power storage battery voltage...,,,,,,
BMV;0x1C1556F4;SingleBatteryGroup184;2940;4;#184 single power storage battery voltage...,,,,,,
BMV;0x1C1556F4;SingleBatteryGroup185;2956;4;#185 single power storage battery voltage...,,,,,,
BMV;0x1C1556F4;SingleBatteryGroup186;2972;4;#186 single power storage battery voltage...,,,,,,
BMV;0x1C1556F4;SingleBatteryGroup187;2988;4;#187 single power storage battery voltage...,,,,,,
BMV;0x1C1556F4;SingleBatteryGroup188;3004;4;#188 single power storage battery voltage...,,,,,,
BMV;0x1C1556F4;SingleBatteryGroup189;3020;4;#189 single power storage battery voltage...,,,,,,
BMV;0x1C1556F4;SingleBatteryGroup190;3036;4;#190 single power storage battery voltage...,,,,,,
BMV;0x1C1556F4;SingleBatteryGroup191;3052;4;#191 single power storage battery voltage...,,,,,,
BMV;0x1C1556F4;SingleBatteryGroup192;3068;4;#192 single power storage battery voltage...,,,,,,
BMV;0x1C1556F4;SingleBatteryGroup193;3084;4;#193 single power storage battery voltage...,,,,,,
BMV;0x1C1556F4;SingleBatteryGroup194;3100;4;#194 single power storage battery voltage...,,,,,,
BMV;0x1C1556F4;SingleBatteryGroup195;3116;4;#195 single power storage battery voltage...,,,,,,
BMV;0x1C1556F4;SingleBatteryGroup196;3132;4;#196 single power storage battery voltage...,,,,,,
BMV;0x1C1556F4;SingleBatteryGroup197;3148;4;#197 single power storage battery voltage...,,,,,,
BMV;0x1C1556F4;SingleBatteryGroup198;3164;4;#198 single power storage battery voltage...,,,,,,
BMV;0x1C1556F4;SingleBatteryGroup199;3180;4;#199 single power storage battery voltage...,,,,,,
BMV;0x1C1556F4;SingleBatteryGroup200;3196;4;#200 single power storage battery voltage...,,,,,,
BMV;0x1C1556F4;SingleBatteryGroup201;3212;4;#201 single power storage battery voltage...,,,,,,
BMV;0x1C1556F4;SingleBatteryGroup202;3228;4;#202 single power storage battery voltage...,,,,,,
BMV;0x1C1556F4;SingleBatteryGroup203;3244;4;#203 single power storage battery voltage...,,,,,,
BMV;0x1C1556F4;SingleBatteryGroup204;3260;4;#204 single power storage battery voltage...,,,,,,
BMV;0x1C1556F4;SingleBatteryGroup205;3276;4;#205 single power storage battery voltage...,,,,,,
BMV;0x1C1556F4;SingleBatteryGroup206;3292;4;#206 single power storage battery voltage...,,,,,,
BMV;0x1C1556F4;SingleBatteryGroup207;3308;4;#207 single power storage battery voltage...,,,,,,
BMV;0x1C1556F4;SingleBatteryGroup208;3324;4;#208 single power storage battery voltage...,,,,,,
BMV;0x1C1556F4;SingleBatteryGroup209;3340;4;#209 single power storage battery voltage...,,,,,,
BMV;0x1C1556F4;SingleBatteryGroup210;3356;4;#210 single power storage battery voltage...,,,,,,
BMV;0x1C1556F4;SingleBatteryGroup211;3372;4;#211 single power storage battery voltage...,,,,,,
BMV;0x1C1556F4;SingleBatteryGroup212;3388;4;#212 single power storage battery voltage...,,,,,,
BMV;0x1C1556F4;SingleBatteryGroup213;3404;4;#213 single power storage battery voltage...,,,,,,
BMV;0x1C1556F4;SingleBatteryGroup214;3420;4;#214 single power storage battery voltage...,,,,,,
BMV;0x1C1556F4;SingleBatteryGroup215;3436;4;#215 single power storage battery voltage...,,,,,,
BMV;0x1C1556F4;SingleBatteryGroup216;3452;4;#216 single power storage battery voltage...,,,,,,
BMV;0x1C1556F4;SingleBatteryGroup217;3468;4;#217 single power storage battery voltage...,,,,,,
BMV;0x1C1556F4;SingleBatteryGroup218;3484;4;#218 single power storage battery voltage...,,,,,,
BMV;0x1C1556F4;SingleBatteryGroup219;3500;4;#219 single power storage battery voltage...,,,,,,
BMV;0x1C1556F4;SingleBatteryGroup220;3516;4;#220 single power storage battery voltage...,,,,,,
BMV;0x1C1556F4;SingleBatteryGroup221;3532;4;#221 single power storage battery voltage...,,,,,,
BMV;0x1C1556F4;SingleBatteryGroup222;3548;4;#222 single power storage battery voltage...,,,,,,
BMV;0x1C1556F4;SingleBatteryGroup223;3564;4;#223 single power storage battery voltage...,,,,,,
BMV;0x1C1556F4;SingleBatteryGroup224;3580;4;#224 single power storage battery voltage...,,,,,,
BMV;0x1C1556F4;SingleBatteryGroup225;3596;4;#225 single power storage battery voltage...,,,,,,
BMV;0x1C1556F4;SingleBatteryGroup226;3612;4;#226 single power storage battery voltage...,,,,,,
BMV;0x1C1556F4;SingleBatteryGroup227;3628;4;#227 single power storage battery voltage...,,,,,,
BMV;0x1C1556F4;SingleBatteryGroup228;3644;4;#228 single power storage battery voltage...,,,,,,
BMV;0x1C1556F4;SingleBatteryGroup229;3660;4;#229 single power storage battery voltage...,,,,,,
BMV;0x1C1556F4;SingleBatteryGroup230;3676;4;#230 single power storage battery voltage...,,,,,,
BMV;0x1C1556F4;SingleBatteryGroup231;3692;4;#231 single power storage battery voltage...,,,,,,
BMV;0x1C1556F4;SingleBatteryGroup232;3708;4;#232 single power storage battery voltage...,,,,,,
BMV;0x1C1556F4;SingleBatteryGroup233;3724;4;#233 single power storage battery voltage...,,,,,,
BMV;0x1C1556F4;SingleBatteryGroup234;3740;4;#234 single power storage battery voltage...,,,,,,
BMV;0x1C1556F4;SingleBatteryGroup235;3756;4;#235 single power storage battery voltage...,,,,,,
BMV;0x1C1556F4;SingleBatteryGroup236;3772;4;#236 single power storage battery voltage...,,,,,,
BMV;0x1C1556F4;SingleBatteryGroup237;3788;4;#237 single power storage battery voltage...,,,,,,
BMV;0x1C1556F4;SingleBatteryGroup238;3804;4;#238 single power storage battery voltage...,,,,,,
BMV;0x1C1556F4;SingleBatteryGroup239;3820;4;#239 single power storage battery voltage...,,,,,,
BMV;0x1C1556F4;SingleBatteryGroup240;3836;4;#240 single power storage battery voltage...,,,,,,
BMV;0x1C1556F4;SingleBatteryGroup241;3852;4;#241 single power storage battery voltage...,,,,,,
BMV;0x1C1556F4;SingleBatteryGroup242;3868;4;#242 single power storage battery voltage...,,,,,,
BMV;0x1C1556F4;SingleBatteryGroup243;3884;4;#243 single power storage battery voltage...,,,,,,
BMV;0x1C1556F4;SingleBatteryGroup244;3900;4;#244 single power storage battery voltage...,,,,,,
BMV;0x1C1556F4;SingleBatteryGroup245;3916;4;#245 single power storage battery voltage...,,,,,,
BMV;0x1C1556F4;SingleBatteryGroup246;3932;4;#246 single power storage battery voltage...,,,,,,
BMV;0x1C1556F4;SingleBatteryGroup247;3948;4;#247 single power storage battery voltage...,,,,,,
BMV;0x1C1556F4;SingleBatteryGroup248;3964;4;#248 single power storage battery voltage...,,,,,,
BMV;0x1C1556F4;SingleBatteryGroup249;3980;4;#249 single power storage battery voltage...,,,,,,
BMV;0x1C1556F4;SingleBatteryGroup250;3996;4;#250 single power storage battery voltage...,,,,,,
BMV;0x1C1556F4;SingleBatteryGroup251;4012;4;#251 single power storage battery voltage...,,,,,,
BMV;0x1C1556F4;SingleBatteryGroup252;4028;4;#252 single power storage battery voltage...,,,,,,
BMV;0x1C1556F4;SingleBatteryGroup253;4044;4;#253 single power storage battery voltage...,,,,,,
BMV;0x1C1556F4;SingleBatteryGroup254;4060;4;#254 single power storage battery voltage...,,,,,,
BMV;0x1C1556F4;SingleBatteryGroup255;4076;4;#255 single power storage battery voltage...,,,,,,
BMV;0x1C1556F4;SingleBatteryGroup256;4092;4;#256 single power storage battery voltage...,,,,,,
BMV;0x1C1556F4;SingleBatteryVoltage001;0;12;#1 single power storage battery voltage...,,,,,,
BMV;0x1C1556F4;SingleBatteryVoltage002;16;12;#2 single power storage battery voltage...,,,,,,
BMV;0x1C1556F4;SingleBatteryVoltage003;32;12;#3 single power storage battery voltage...,,,,,,
BMV;0x1C1556F4;SingleBatteryVoltage004;48;12;#4 single power storage battery voltage...,,,,,,
BMV;0x1C1556F4;SingleBatteryVoltage005;64;12;#5 single power storage battery voltage...,,,,,,
BMV;0x1C1556F4;SingleBatteryVoltage006;80;12;#6 single power storage battery voltage...,,,,,,
BMV;0x1C1556F4;SingleBatteryVoltage007;96;12;#7 single power storage battery voltage...,,,,,,
BMV;0x1C1556F4;SingleBatteryVoltage008;112;12;#8 single power storage battery voltage...,,,,,,
BMV;0x1C1556F4;SingleBatteryVoltage009;128;12;#9 single power storage battery voltage...,,,,,,
BMV;0x1C1556F4;SingleBatteryVoltage010;144;12;#10 single power storage battery voltage...,,,,,,
BMV;0x1C1556F4;SingleBatteryVoltage011;160;12;#11 single power storage battery voltage...,,,,,,
BMV;0x1C1556F4;SingleBatteryVoltage012;176;12;#12 single power storage battery voltage...,,,,,,
BMV;0x1C1556F4;SingleBatteryVoltage013;192;12;#13 single power storage battery voltage...,,,,,,
BMV;0x1C1556F4;SingleBatteryVoltage014;208;12;#14 single power storage battery voltage...,,,,,,
BMV;0x1C1556F4;SingleBatteryVoltage015;224;12;#15 single power storage battery voltage...,,,,,,
BMV;0x1C1556F4;SingleBatteryVoltage016;240;12;#16 single power storage battery voltage...,,,,,,
BMV;0x1C1556F4;SingleBatteryVoltage017;256;12;#17 single power storage battery voltage...,,,,,,
BMV;0x1C1556F4;SingleBatteryVoltage018;272;12;#18 single power storage battery voltage...,,,,,,
BMV;0x1C1556F4;SingleBatteryVoltage019;288;12;#19 single power storage battery voltage...,,,,,,
BMV;0x1C1556F4;SingleBatteryVoltage020;304;12;#20 single power storage battery voltage...,,,,,,
BMV;0x1C1556F4;SingleBatteryVoltage021;320;12;#21 single power storage battery voltage...,,,,,,
BMV;0x1C1556F4;SingleBatteryVoltage022;336;12;#22 single power storage battery voltage...,,,,,,
BMV;0x1C1556F4;SingleBatteryVoltage023;352;12;#23 single power storage battery voltage...,,,,,,
BMV;0x1C1556F4;SingleBatteryVoltage024;368;12;#24 single power storage battery voltage...,,,,,,
BMV;0x1C1556F4;SingleBatteryVoltage025;384;12;#25 single power storage battery voltage...,,,,,,
BMV;0x1C1556F4;SingleBatteryVoltage026;400;12;#26 single power storage battery voltage...,,,,,,
BMV;0x1C1556F4;SingleBatteryVoltage027;416;12;#27 single power storage battery voltage...,,,,,,
BMV;0x1C1556F4;SingleBatteryVoltage028;432;12;#28 single power storage battery voltage...,,,,,,
BMV;0x1C1556F4;SingleBatteryVoltage029;448;12;#29 single power storage battery voltage...,,,,,,
BMV;0x1C1556F4;SingleBatteryVoltage030;464;12;#30 single power storage battery voltage...,,,,,,
BMV;0x1C1556F4;SingleBatteryVoltage031;480;12;#31 single power storage battery voltage...,,,,,,
BMV;0x1C1556F4;SingleBatteryVoltage032;496;12;#32 single power storage battery voltage...,,,,,,
BMV;0x1C1556F4;SingleBatteryVoltage033;512;12;#33 single power storage battery voltage...,,,,,,
BMV;0x1C1556F4;SingleBatteryVoltage034;528;12;#34 single power storage battery voltage...,,,,,,
BMV;0x1C1556F4;SingleBatteryVoltage035;544;12;#35 single power storage battery voltage...,,,,,,
BMV;0x1C1556F4;SingleBatteryVoltage036;560;12;#36 single power storage battery voltage...,,,,,,
BMV;0x1C1556F4;SingleBatteryVoltage037;576;12;#37 single power storage battery voltage...,,,,,,
BMV;0x1C1556F4;SingleBatteryVoltage038;592;12;#38 single power storage battery voltage...,,,,,,
BMV;0x1C1556F4;SingleBatteryVoltage039;608;12;#39 single power storage battery voltage...,,,,,,
BMV;0x1C1556F4;SingleBatteryVoltage040;624;12;#40 single power storage battery voltage...,,,,,,
BMV;0x1C1556F4;SingleBatteryVoltage041;640;12;#41 single power storage battery voltage...,,,,,,
BMV;0x1C1556F4;SingleBatteryVoltage042;656;12;#42 single power storage battery voltage...,,,,,,
BMV;0x1C1556F4;SingleBatteryVoltage043;672;12;#43 single power storage battery voltage...,,,,,,
BMV;0x1C1556F4;SingleBatteryVoltage044;688;12;#44 single power storage battery voltage...,,,,,,
BMV;0x1C1556F4;SingleBatteryVoltage045;704;12;#45 single power storage battery voltage...,,,,,,
BMV;0x1C1556F4;SingleBatteryVoltage046;720;12;#46 single power storage battery voltage...,,,,,,
BMV;0x1C1556F4;SingleBatteryVoltage047;736;12;#47 single power storage battery voltage...,,,,,,
BMV;0x1C1556F4;SingleBatteryVoltage048;752;12;#48 single power storage battery voltage...,,,,,,
BMV;0x1C1556F4;SingleBatteryVoltage049;768;12;#49 single power storage battery voltage...,,,,,,
BMV;0x1C1556F4;SingleBatteryVoltage050;784;12;#50 single power storage battery voltage...,,,,,,
BMV;0x1C1556F4;SingleBatteryVoltage051;800;12;#51 single power storage battery voltage...,,,,,,
BMV;0x1C1556F4;SingleBatteryVoltage052;816;12;#52 single power storage battery voltage...,,,,,,
BMV;0x1C1556F4;SingleBatteryVoltage053;832;12;#53 single power storage battery voltage...,,,,,,
BMV;0x1C1556F4;SingleBatteryVoltage054;848;12;#54 single power storage battery voltage...,,,,,,
BMV;0x1C1556F4;SingleBatteryVoltage055;864;12;#55 single power storage battery voltage...,,,,,,
BMV;0x1C1556F4;SingleBatteryVoltage056;880;12;#56 single power storage battery voltage...,,,,,,
BMV;0x1C1556F4;SingleBatteryVoltage057;896;12;#57 single power storage battery voltage...,,,,,,
BMV;0x1C1556F4;SingleBatteryVoltage058;912;12;#58 single power storage battery voltage...,,,,,,
BMV;0x1C1556F4;SingleBatteryVoltage059;928;12;#59 single power storage battery voltage...,,,,,,
BMV;0x1C1556F4;SingleBatteryVoltage060;944;12;#60 single power storage battery voltage...,,,,,,
BMV;0x1C1556F4;SingleBatteryVoltage061;960;12;#61 single power storage battery voltage...,,,,,,
BMV;0x1C1556F4;SingleBatteryVoltage062;976;12;#62 single power storage battery voltage...,,,,,,
BMV;0x1C1556F4;SingleBatteryVoltage063;992;12;#63 single power storage battery voltage...,,,,,,
BMV;0x1C1556F4;SingleBatteryVoltage064;1008;12;#64 single power storage battery voltage...,,,,,,
BMV;0x1C1556F4;SingleBatteryVoltage065;1024;12;#65 single power storage battery voltage...,,,,,,
BMV;0x1C1556F4;SingleBatteryVoltage066;1040;12;#66 single power storage battery voltage...,,,,,,
BMV;0x1C1556F4;SingleBatteryVoltage067;1056;12;#67 single power storage battery voltage...,,,,,,
BMV;0x1C1556F4;SingleBatteryVoltage068;1072;12;#68 single power storage battery voltage...,,,,,,
BMV;0x1C1556F4;SingleBatteryVoltage069;1088;12;#69 single power storage battery voltage...,,,,,,
BMV;0x1C1556F4;SingleBatteryVoltage070;1104;12;#70 single power storage battery voltage...,,,,,,
BMV;0x1C1556F4;SingleBatteryVoltage071;1120;12;#71 single power storage battery voltage...,,,,,,
BMV;0x1C1556F4;SingleBatteryVoltage072;1136;12;#72 single power storage battery voltage...,,,,,,
BMV;0x1C1556F4;SingleBatteryVoltage073;1152;12;#73 single power storage battery voltage...,,,,,,
BMV;0x1C1556F4;SingleBatteryVoltage074;1168;12;#74 single power storage battery voltage...,,,,,,
BMV;0x1C1556F4;SingleBatteryVoltage075;1184;12;#75 single power storage battery voltage...,,,,,,
BMV;0x1C1556F4;SingleBatteryVoltage076;1200;12;#76 single power storage battery voltage...,,,,,,
BMV;0x1C1556F4;SingleBatteryVoltage077;1216;12;#77 single power storage battery voltage...,,,,,,
BMV;0x1C1556F4;SingleBatteryVoltage078;1232;12;#78 single power storage battery voltage...,,,,,,
BMV;0x1C1556F4;SingleBatteryVoltage079;1248;12;#79 single power storage battery voltage...,,,,,,
BMV;0x1C1556F4;SingleBatteryVoltage080;1264;12;#80 single power storage battery voltage...,,,,,,
BMV;0x1C1556F4;SingleBatteryVoltage081;1280;12;#81 single power storage battery voltage...,,,,,,
BMV;0x1C1556F4;SingleBatteryVoltage082;1296;12;#82 single power storage battery voltage...,,,,,,
BMV;0x1C1556F4;SingleBatteryVoltage083;1312;12;#83 single power storage battery voltage...,,,,,,
BMV;0x1C1556F4;SingleBatteryVoltage084;1328;12;#84 single power storage battery voltage...,,,,,,
BMV;0x1C1556F4;SingleBatteryVoltage085;1344;12;#85 single power storage battery voltage...,,,,,,
BMV;0x1C1556F4;SingleBatteryVoltage086;1360;12;#86 single power storage battery voltage...,,,,,,
BMV;0x1C1556F4;SingleBatteryVoltage087;1376;12;#87 single power storage battery voltage...,,,,,,
BMV;0x1C1556F4;SingleBatteryVoltage088;1392;12;#88 single power storage battery voltage...,,,,,,
BMV;0x1C1556F4;SingleBatteryVoltage089;1408;12;#89 single power storage battery voltage...,,,,,,
BMV;0x1C1556F4;SingleBatteryVoltage090;1424;12;#90 single power storage battery voltage...,,,,,,
BMV;0x1C1556F4;SingleBatteryVoltage091;1440;12;#91 single power storage battery voltage...,,,,,,
BMV;0x1C1556F4;SingleBatteryVoltage092;1456;12;#92 single power storage battery voltage...,,,,,,
BMV;0x1C1556F4;SingleBatteryVoltage093;1472;12;#93 single power storage battery voltage...,,,,,,
BMV;0x1C1556F4;SingleBatteryVoltage094;1488;12;#94 single power storage battery voltage...,,,,,,
BMV;0x1C1556F4;SingleBatteryVoltage095;1504;12;#95 single power storage battery voltage...,,,,,,
BMV;0x1C1556F4;SingleBatteryVoltage096;1520;12;#96 single power storage battery voltage...,,,,,,
BMV;0x1C1556F4;SingleBatteryVoltage097;1536;12;#97 single power storage battery voltage...,,,,,,
BMV;0x1C1556F4;SingleBatteryVoltage098;1552;12;#98 single power storage battery voltage...,,,,,,
BMV;0x1C1556F4;SingleBatteryVoltage099;1568;12;#99 single power storage battery voltage...,,,,,,
BMV;0x1C1556F4;SingleBatteryVoltage100;1584;12;#100 single power storage battery voltage...,,,,,,
BMV;0x1C1556F4;SingleBatteryVoltage101;1600;12;#101 single power storage battery voltage...,,,,,,
BMV;0x1C1556F4;SingleBatteryVoltage102;1616;12;#102 single power storage battery voltage...,,,,,,
BMV;0x1C1556F4;SingleBatteryVoltage103;1632;12;#103 single power storage battery voltage...,,,,,,
BMV;0x1C1556F4;SingleBatteryVoltage104;1648;12;#104 single power storage battery voltage...,,,,,,
BMV;0x1C1556F4;SingleBatteryVoltage105;1664;12;#105 single power storage battery voltage...,,,,,,
BMV;0x1C1556F4;SingleBatteryVoltage106;1680;12;#106 single power storage battery voltage...,,,,,,
BMV;0x1C1556F4;SingleBatteryVoltage107;1696;12;#107 single power storage battery voltage...,,,,,,
BMV;0x1C1556F4;SingleBatteryVoltage108;1712;12;#108 single power storage battery voltage...,,,,,,
BMV;0x1C1556F4;SingleBatteryVoltage109;1728;12;#109 single power storage battery voltage...,,,,,,
BMV;0x1C1556F4;SingleBatteryVoltage110;1744;12;#110 single power storage battery voltage...,,,,,,
BMV;0x1C1556F4;SingleBatteryVoltage111;1760;12;#111 single power storage battery voltage...,,,,,,
BMV;0x1C1556F4;SingleBatteryVoltage112;1776;12;#112 single power storage battery voltage...,,,,,,
BMV;0x1C1556F4;SingleBatteryVoltage113;1792;12;#113 single power storage battery voltage...,,,,,,
BMV;0x1C1556F4;SingleBatteryVoltage114;1808;12;#114 single power storage battery voltage...,,,,,,
BMV;0x1C1556F4;SingleBatteryVoltage115;1824;12;#115 single power storage battery voltage...,,,,,,
BMV;0x1C1556F4;SingleBatteryVoltage116;1840;12;#116 single power storage battery voltage...,,,,,,
BMV;0x1C1556F4;SingleBatteryVoltage117;1856;12;#117 single power storage battery voltage...,,,,,,
BMV;0x1C1556F4;SingleBatteryVoltage118;1872;12;#118 single power storage battery voltage...,,,,,,
BMV;0x1C1556F4;SingleBatteryVoltage119;1888;12;#119 single power storage battery voltage...,,,,,,
BMV;0x1C1556F4;SingleBatteryVoltage120;1904;12;#120 single power storage battery voltage...,,,,,,
BMV;0x1C1556F4;SingleBatteryVoltage121;1920;12;#121 single power storage battery voltage...,,,,,,
BMV;0x1C1556F4;SingleBatteryVoltage122;1936;12;#122 single power storage battery voltage...,,,,,,
BMV;0x1C1556F4;SingleBatteryVoltage123;1952;12;#123 single power storage battery voltage...,,,,,,
BMV;0x1C1556F4;SingleBatteryVoltage124;1968;12;#124 single power storage battery voltage...,,,,,,
BMV;0x1C1556F4;SingleBatteryVoltage125;1984;12;#125 single power storage battery voltage...,,,,,,
BMV;0x1C1556F4;SingleBatteryVoltage126;2000;12;#126 single power storage battery voltage...,,,,,,
BMV;0x1C1556F4;SingleBatteryVoltage127;2016;12;#127 single power storage battery voltage...,,,,,,
BMV;0x1C1556F4;SingleBatteryVoltage128;2032;12;#128 single power storage battery voltage...,,,,,,
BMV;0x1C1556F4;SingleBatteryVoltage129;2048;12;#129 single power storage battery voltage...,,,,,,
BMV;0x1C1556F4;SingleBatteryVoltage130;2064;12;#130 single power storage battery voltage...,,,,,,
BMV;0x1C1556F4;SingleBatteryVoltage131;2080;12;#131 single power storage battery voltage...,,,,,,
BMV;0x1C1556F4;SingleBatteryVoltage132;2096;12;#132 single power storage battery voltage...,,,,,,
BMV;0x1C1556F4;SingleBatteryVoltage133;2112;12;#133 single power storage battery voltage...,,,,,,
BMV;0x1C1556F4;SingleBatteryVoltage134;2128;12;#134 single power storage battery voltage...,,,,,,
BMV;0x1C1556F4;SingleBatteryVoltage135;2144;12;#135 single power storage battery voltage...,,,,,,
BMV;0x1C1556F4;SingleBatteryVoltage136;2160;12;#136 single power storage battery voltage...,,,,,,
BMV;0x1C1556F4;SingleBatteryVoltage137;2176;12;#137 single power storage battery voltage...,,,,,,
BMV;0x1C1556F4;SingleBatteryVoltage138;2192;12;#138 single power storage battery voltage...,,,,,,
BMV;0x1C1556F4;SingleBatteryVoltage139;2208;12;#139 single power storage battery voltage...,,,,,,
BMV;0x1C1556F4;SingleBatteryVoltage140;2224;12;#140 single power storage battery voltage...,,,,,,
BMV;0x1C1556F4;SingleBatteryVoltage141;2240;12;#141 single power storage battery voltage...,,,,,,
BMV;0x1C1556F4;SingleBatteryVoltage142;2256;12;#142 single power storage battery voltage...,,,,,,
BMV;0x1C1556F4;SingleBatteryVoltage143;2272;12;#143 single power storage battery voltage...,,,,,,
BMV;0x1C1556F4;SingleBatteryVoltage144;2288;12;#144 single power storage battery voltage...,,,,,,
BMV;0x1C1556F4;SingleBatteryVoltage145;2304;12;#145 single power storage battery voltage...,,,,,,
BMV;0x1C1556F4;SingleBatteryVoltage146;2320;12;#146 single power storage battery voltage...,,,,,,
BMV;0x1C1556F4;SingleBatteryVoltage147;2336;12;#147 single power storage battery voltage...,,,,,,
BMV;0x1C1556F4;SingleBatteryVoltage148;2352;12;#148 single power storage battery voltage...,,,,,,
BMV;0x1C1556F4;SingleBatteryVoltage149;2368;12;#149 single power storage battery voltage...,,,,,,
BMV;0x1C1556F4;SingleBatteryVoltage150;2384;12;#150 single power storage battery voltage...,,,,,,
BMV;0x1C1556F4;SingleBatteryVoltage151;2400;12;#151 single power storage battery voltage...,,,,,,
BMV;0x1C1556F4;SingleBatteryVoltage152;2416;12;#152 single power storage battery voltage...,,,,,,
BMV;0x1C1556F4;SingleBatteryVoltage153;2432;12;#153 single power storage battery voltage...,,,,,,
BMV;0x1C1556F4;SingleBatteryVoltage154;2448;12;#154 single power storage battery voltage...,,,,,,
BMV;0x1C1556F4;SingleBatteryVoltage155;2464;12;#155 single power storage battery voltage...,,,,,,
BMV;0x1C1556F4;SingleBatteryVoltage156;2480;12;#156 single power storage battery voltage...,,,,,,
BMV;0x1C1556F4;SingleBatteryVoltage157;2496;12;#157 single power storage battery voltage...,,,,,,
BMV;0x1C1556F4;SingleBatteryVoltage158;2512;12;#158 single power storage battery voltage...,,,,,,
BMV;0x1C1556F4;SingleBatteryVoltage159;2528;12;#159 single power storage battery voltage...,,,,,,
BMV;0x1C1556F4;SingleBatteryVoltage160;2544;12;#160 single power storage battery voltage...,,,,,,
BMV;0x1C1556F4;SingleBatteryVoltage161;2560;12;#161 single power storage battery voltage...,,,,,,
BMV;0x1C1556F4;SingleBatteryVoltage162;2576;12;#162 single power storage battery voltage...,,,,,,
BMV;0x1C1556F4;SingleBatteryVoltage163;2592;12;#163 single power storage battery voltage...,,,,,,
BMV;0x1C1556F4;SingleBatteryVoltage164;2608;12;#164 single power storage battery voltage...,,,,,,
BMV;0x1C1556F4;SingleBatteryVoltage165;2624;12;#165 single power storage battery voltage...,,,,,,
BMV;0x1C1556F4;SingleBatteryVoltage166;2640;12;#166 single power storage battery voltage...,,,,,,
BMV;0x1C1556F4;SingleBatteryVoltage167;2656;12;#167 single power storage battery voltage...,,,,,,
BMV;0x1C1556F4;SingleBatteryVoltage168;2672;12;#168 single power storage battery voltage...,,,,,,
BMV;0x1C1556F4;SingleBatteryVoltage169;2688;12;#169 single power storage battery voltage...,,,,,,
BMV;0x1C1556F4;SingleBatteryVoltage170;2704;12;#170 single power storage battery voltage...,,,,,,
BMV;0x1C1556F4;SingleBatteryVoltage171;2720;12;#171 single power storage battery voltage...,,,,,,
BMV;0x1C1556F4;SingleBatteryVoltage172;2736;12;#172 single power storage battery voltage...,,,,,,
BMV;0x1C1556F4;SingleBatteryVoltage173;2752;12;#173 single power storage battery voltage...,,,,,,
BMV;0x1C1556F4;SingleBatteryVoltage174;2768;12;#174 single power storage battery voltage...,,,,,,
BMV;0x1C1556F4;SingleBatteryVoltage175;2784;12;#175 single power storage battery voltage...,,,,,,
BMV;0x1C1556F4;SingleBatteryVoltage176;2800;12;#176 single power storage battery voltage...,,,,,,
BMV;0x1C1556F4;SingleBatteryVoltage177;2816;12;#177 single power storage battery voltage...,,,,,,
BMV;0x1C1556F4;SingleBatteryVoltage178;2832;12;#178 single power storage battery voltage...,,,,,,
BMV;0x1C1556F4;SingleBatteryVoltage179;2848;12;#179 single power storage battery voltage...,,,,,,
BMV;0x1C1556F4;SingleBatteryVoltage180;2864;12;#180 single power storage battery voltage...,,,,,,
BMV;0x1C1556F4;SingleBatteryVoltage181;2880;12;#181 single power storage battery voltage...,,,,,,
BMV;0x1C1556F4;SingleBatteryVoltage182;2896;12;#182 single power storage battery voltage...,,,,,,
BMV;0x1C1556F4;SingleBatteryVoltage183;2912;12;#183 single power storage battery voltage...,,,,,,
BMV;0x1C1556F4;SingleBatteryVoltage184;2928;12;#184 single power storage battery voltage...,,,,,,
BMV;0x1C1556F4;SingleBatteryVoltage185;2944;12;#185 single power storage battery voltage...,,,,,,
BMV;0x1C1556F4;SingleBatteryVoltage186;2960;12;#186 single power storage battery voltage...,,,,,,
BMV;0x1C1556F4;SingleBatteryVoltage187;2976;12;#187 single power storage battery voltage...,,,,,,
BMV;0x1C1556F4;SingleBatteryVoltage188;2992;12;#188 single power storage battery voltage...,,,,,,
BMV;0x1C1556F4;SingleBatteryVoltage189;3008;12;#189 single power storage battery voltage...,,,,,,
BMV;0x1C1556F4;SingleBatteryVoltage190;3024;12;#190 single power storage battery voltage...,,,,,,
BMV;0x1C1556F4;SingleBatteryVoltage191;3040;12;#191 single power storage battery voltage...,,,,,,
BMV;0x1C1556F4;SingleBatteryVoltage192;3056;12;#192 single power storage battery voltage...,,,,,,
BMV;0x1C1556F4;SingleBatteryVoltage193;3072;12;#193 single power storage battery voltage...,,,,,,
BMV;0x1C1556F4;SingleBatteryVoltage194;3088;12;#194 single power storage battery voltage...,,,,,,
BMV;0x1C1556F4;SingleBatteryVoltage195;3104;12;#195 single power storage battery voltage...,,,,,,
BMV;0x1C1556F4;SingleBatteryVoltage196;3120;12;#196 single power storage battery voltage...,,,,,,
BMV;0x1C1556F4;SingleBatteryVoltage197;3136;12;#197 single power storage battery voltage...,,,,,,
BMV;0x1C1556F4;SingleBatteryVoltage198;3152;12;#198 single power storage battery voltage...,,,,,,
BMV;0x1C1556F4;SingleBatteryVoltage199;3168;12;#199 single power storage battery voltage...,,,,,,
BMV;0x1C1556F4;SingleBatteryVoltage200;3184;12;#200 single power storage battery voltage...,,,,,,
BMV;0x1C1556F4;SingleBatteryVoltage201;3200;12;#201 single power storage battery voltage...,,,,,,
BMV;0x1C1556F4;SingleBatteryVoltage202;3216;12;#202 single power storage battery voltage...,,,,,,
BMV;0x1C1556F4;SingleBatteryVoltage203;3232;12;#203 single power storage battery voltage...,,,,,,
BMV;0x1C1556F4;SingleBatteryVoltage204;3248;12;#204 single power storage battery voltage...,,,,,,
BMV;0x1C1556F4;SingleBatteryVoltage205;3264;12;#205 single power storage battery voltage...,,,,,,
BMV;0x1C1556F4;SingleBatteryVoltage206;3280;12;#206 single power storage battery voltage...,,,,,,
BMV;0x1C1556F4;SingleBatteryVoltage207;3296;12;#207 single power storage battery voltage...,,,,,,
BMV;0x1C1556F4;SingleBatteryVoltage208;3312;12;#208 single power storage battery voltage...,,,,,,
BMV;0x1C1556F4;SingleBatteryVoltage209;3328;12;#209 single power storage battery voltage...,,,,,,
BMV;0x1C1556F4;SingleBatteryVoltage210;3344;12;#210 single power storage battery voltage...,,,,,,
BMV;0x1C1556F4;SingleBatteryVoltage211;3360;12;#211 single power storage battery voltage...,,,,,,
BMV;0x1C1556F4;SingleBatteryVoltage212;3376;12;#212 single power storage battery voltage...,,,,,,
BMV;0x1C1556F4;SingleBatteryVoltage213;3392;12;#213 single power storage battery voltage...,,,,,,
BMV;0x1C1556F4;SingleBatteryVoltage214;3408;12;#214 single power storage battery voltage...,,,,,,
BMV;0x1C1556F4;SingleBatteryVoltage215;3424;12;#215 single power storage battery voltage...,,,,,,
BMV;0x1C1556F4;SingleBatteryVoltage216;3440;12;#216 single power storage battery voltage...,,,,,,
BMV;0x1C1556F4;SingleBatteryVoltage217;3456;12;#217 single power storage battery voltage...,,,,,,
BMV;0x1C1556F4;SingleBatteryVoltage218;3472;12;#218 single power storage battery voltage...,,,,,,
BMV;0x1C1556F4;SingleBatteryVoltage219;3488;12;#219 single power storage battery voltage...,,,,,,
BMV;0x1C1556F4;SingleBatteryVoltage220;3504;12;#220 single power storage battery voltage...,,,,,,
BMV;0x1C1556F4;SingleBatteryVoltage221;3520;12;#221 single power storage battery voltage...,,,,,,
BMV;0x1C1556F4;SingleBatteryVoltage222;3536;12;#222 single power storage battery voltage...,,,,,,
BMV;0x1C1556F4;SingleBatteryVoltage223;3552;12;#223 single power storage battery voltage...,,,,,,
BMV;0x1C1556F4;SingleBatteryVoltage224;3568;12;#224 single power storage battery voltage...,,,,,,
BMV;0x1C1556F4;SingleBatteryVoltage225;3584;12;#225 single power storage battery voltage...,,,,,,
BMV;0x1C1556F4;SingleBatteryVoltage226;3600;12;#226 single power storage battery voltage...,,,,,,
BMV;0x1C1556F4;SingleBatteryVoltage227;3616;12;#227 single power storage battery voltage...,,,,,,
BMV;0x1C1556F4;SingleBatteryVoltage228;3632;12;#228 single power storage battery voltage...,,,,,,
BMV;0x1C1556F4;SingleBatteryVoltage229;3648;12;#229 single power storage battery voltage...,,,,,,
BMV;0x1C1556F4;SingleBatteryVoltage230;3664;12;#230 single power storage battery voltage...,,,,,,
BMV;0x1C1556F4;SingleBatteryVoltage231;3680;12;#231 single power storage battery voltage...,,,,,,
BMV;0x1C1556F4;SingleBatteryVoltage232;3696;12;#232 single power storage battery voltage...,,,,,,
BMV;0x1C1556F4;SingleBatteryVoltage233;3712;12;#233 single power storage battery voltage...,,,,,,
BMV;0x1C1556F4;SingleBatteryVoltage234;3728;12;#234 single power storage battery voltage...,,,,,,
BMV;0x1C1556F4;SingleBatteryVoltage235;3744;12;#235 single power storage battery voltage...,,,,,,
BMV;0x1C1556F4;SingleBatteryVoltage236;3760;12;#236 single power storage battery voltage...,,,,,,
BMV;0x1C1556F4;SingleBatteryVoltage237;3776;12;#237 single power storage battery voltage...,,,,,,
BMV;0x1C1556F4;SingleBatteryVoltage238;3792;12;#238 single power storage battery voltage...,,,,,,
BMV;0x1C1556F4;SingleBatteryVoltage239;3808;12;#239 single power storage battery voltage...,,,,,,
BMV;0x1C1556F4;SingleBatteryVoltage240;3824;12;#240 single power storage battery voltage...,,,,,,
BMV;0x1C1556F4;SingleBatteryVoltage241;3840;12;#241 single power storage battery voltage...,,,,,,
BMV;0x1C1556F4;SingleBatteryVoltage242;3856;12;#242 single power storage battery voltage...,,,,,,
BMV;0x1C1556F4;SingleBatteryVoltage243;3872;12;#243 single power storage battery voltage...,,,,,,
BMV;0x1C1556F4;SingleBatteryVoltage244;3888;12;#244 single power storage battery voltage...,,,,,,
BMV;0x1C1556F4;SingleBatteryVoltage245;3904;12;#245 single power storage battery voltage...,,,,,,
BMV;0x1C1556F4;SingleBatteryVoltage246;3920;12;#246 single power storage battery voltage...,,,,,,
BMV;0x1C1556F4;SingleBatteryVoltage247;3936;12;#247 single power storage battery voltage...,,,,,,
BMV;0x1C1556F4;SingleBatteryVoltage248;3952;12;#248 single power storage battery voltage...,,,,,,
BMV;0x1C1556F4;SingleBatteryVoltage249;3968;12;#249 single power storage battery voltage...,,,,,,
BMV;0x1C1556F4;SingleBatteryVoltage250;3984;12;#250 single power storage battery voltage...,,,,,,
BMV;0x1C1556F4;SingleBatteryVoltage251;4000;12;#251 single power storage battery voltage...,,,,,,
BMV;0x1C1556F4;SingleBatteryVoltage252;4016;12;#252 single power storage battery voltage...,,,,,,
BMV;0x1C1556F4;SingleBatteryVoltage253;4032;12;#253 single power storage battery voltage...,,,,,,
BMV;0x1C1556F4;SingleBatteryVoltage254;4048;12;#254 single power storage battery voltage...,,,,,,
BMV;0x1C1556F4;SingleBatteryVoltage255;4064;12;#255 single power storage battery voltage...,,,,,,
BMV;0x1C1556F4;SingleBatteryVoltage256;4080;12;#256 single power storage battery voltage...,,,,,,
BRM;0x1C0256F4;BatteryPackNumber;96;32;Battery pack No., which is reserved and will be defined by the manufacturer,,,,,
BRM;0x1C0256F4;BatterySystemCapacity;32;16;Capacity of the power storage battery system of whole vehicle,,,,,,
BRM;0x1C0256F4;BatterySystemVoltage;48;16;Total voltage of the power storage battery system of whole vehicle,,,,,,
BRM;0x1C0256F4;BatteryType;24;8;Battery type,,,,,,
BRM;0x1C0256F4;BmsRevision;0;8;In this standard, as for the charger communication protocol version No., its current version is specified as V1.1 and is expressed as: byte 1 -- 01H,,,,
BRM;0x1C0256F4;BmsSoftwareVersion_CompileDay;336;8;BMS software version number, determined according to hexadecimal coding. In which, Byte2 - 01H~1FH represents compilation day (e.g. the 10the day: fill in Byte 2 0AH),,,,
BRM;0x1C0256F4;BmsSoftwareVersion_CompileMonth;344;8;BMS software version number, determined according to hexadecimal coding. In which, Byte3 - 01H~0CH represents compilation month (e.g. November: fill in Byte 3 0BH),,,,
BRM;0x1C0256F4;BmsSoftwareVersion_CompileYear;352;16;BMS software version number, determined according to hexadecimal coding. In which, Byte5, Byte4 - 0001H~FFFEH represents compilation year (e.g. the year of 2015: fill in Byte5-DFH, byte4-07H),,
BRM;0x1C0256F4;BmsSoftwareVersion_Reserved;368;24;BMS software version number 8byte represents current BMS version information, determined according to hexadecimal coding. In which, Byte8, byte7, byte6-000001H~FFFFFEH, reserved, fill in FFFFFFH
BRM;0x1C0256F4;BmsSoftwareVersion_Serial;328;8;BMS software version number, determined according to hexadecimal coding. In which, Byte1 - 01H~FEH represents edition serial number (e.g. 16: fill in Byte 1-10H),,,,
BRM;0x1C0256F4;BmsVersion;8;16;In this standard, as for the charger communication protocol version No., its current version is specified as V1.1 and is expressed as: byte3, byte2 -- 0001H,,,
BRM;0x1C0256F4;BRM_Reserved1;184;8;Reserved,,,,,,
BRM;0x1C0256F4;ChargingFrequency;152;24;Battery set charging frequency, which is subject to BMS statistics.,,,,,
BRM;0x1C0256F4;ManufacturerName;64;32;Battery manufacturer name,,,,,,
BRM;0x1C0256F4;ProductionDay;144;8;Battery set production day,,,,,,
BRM;0x1C0256F4;ProductionMonth;136;8;Battery set production month,,,,,,
BRM;0x1C0256F4;ProductionYear;128;8;Battery set production year,,,,,,
BRM;0x1C0256F4;Property;176;8;Battery set property right mark,,,,,,
BRM;0x1C0256F4;VIN;192;136;Vehicle identification number (VIN),,,,,,
BRO;0x100956F4;BmsReadyForCharging;0;8;Whether BMS is ready for charging ,,,,,,
BSD;0x181C56F4;SingleBatteryMaxTemperature;48;8;Maximum temperature of power storage battery (?C),,,,,,
BSD;0x181C56F4;SingleBatteryMaxVoltage;24;16;Maximum voltage of single power storage battery (V),,,,,,
BSD;0x181C56F4;SingleBatteryMinTemperature;40;8;Minimum temperature of power storage battery (?C),,,,,,
BSD;0x181C56F4;SingleBatteryMinVoltage;8;16;Minimum voltage of single power storage battery (V),,,,,,
BSD;0x181C56F4;SuspendStateOfChargeSOC;0;8;Suspend state-of-charge SOC (%),,,,,,
BSM;0x181356F4;BatteryCellVoltageState;40;2;Voltage state of battery cell,,,,,,
BSM;0x181356F4;BatteryChargingOvercurrent;44;2;Charging overcurrent of power storage battery,,,,,,
BSM;0x181356F4;BatteryExcessTemperature;46;2;Excess temperature of power storage battery,,,,,,
BSM;0x181356F4;BatteryHighestTemp;8;8;Highest temperature of power storage battery,,,,,,
BSM;0x181356F4;BatteryHighestTempSerNo;16;8;Serial number of the highest temperature detection point,,,,,,
BSM;0x181356F4;BatteryInsulationState;48;2;Insulation state of power storage battery,,,,,,
BSM;0x181356F4;BatteryLowestTemp;24;8;The lowest temperature of power storage battery,,,,,,
BSM;0x181356F4;BatteryLowestTempSerNo;32;8;Serial number of the lowest temperature detection point of power storage battery,,,,,,
BSM;0x181356F4;BatteryOutputConnectorState;50;2;Connection state of output connector of power storage battery set,,,,,,
BSM;0x181356F4;ChargingPermissible;52;2;Charging permissible,,,,,,
BSM;0x181356F4;SingleBatteryHighestVoltageSerNo;0;8;Serial number of the highest voltage of single power storage battery,,,,,,
BSM;0x181356F4;StateOfCharge;42;2;State-of-charge SOC of power storage battery for complete vehicle,,,,,,
BSP;0x1C1756F4;BatteryReserved01;0;8;Power storage battery reserved field 1,,,,,,
BSP;0x1C1756F4;BatteryReserved02;8;8;Power storage battery reserved field 2,,,,,,
BSP;0x1C1756F4;BatteryReserved03;16;8;Power storage battery reserved field 3,,,,,,
BSP;0x1C1756F4;BatteryReserved04;24;8;Power storage battery reserved field 4,,,,,,
BSP;0x1C1756F4;BatteryReserved05;32;8;Power storage battery reserved field 5,,,,,,
BSP;0x1C1756F4;BatteryReserved06;40;8;Power storage battery reserved field 6,,,,,,
BSP;0x1C1756F4;BatteryReserved07;48;8;Power storage battery reserved field 7,,,,,,
BSP;0x1C1756F4;BatteryReserved08;56;8;Power storage battery reserved field 8,,,,,,
BSP;0x1C1756F4;BatteryReserved09;64;8;Power storage battery reserved field 9,,,,,,
BSP;0x1C1756F4;BatteryReserved10;72;8;Power storage battery reserved field 10,,,,,,
BSP;0x1C1756F4;BatteryReserved11;80;8;Power storage battery reserved field 11,,,,,,
BSP;0x1C1756F4;BatteryReserved12;88;8;Power storage battery reserved field 12,,,,,,
BSP;0x1C1756F4;BatteryReserved13;96;8;Power storage battery reserved field 13,,,,,,
BSP;0x1C1756F4;BatteryReserved14;104;8;Power storage battery reserved field 14,,,,,,
BSP;0x1C1756F4;BatteryReserved15;112;8;Power storage battery reserved field 15,,,,,,
BSP;0x1C1756F4;BatteryReserved16;120;8;Power storage battery reserved field 16,,,,,,
BST;0x101956F4;AbnormalVoltageError;26;2;Whether voltage is abnormal,,,,,,
BST;0x101956F4;BatterySetOverTemp;16;2;Battery set over-temperature,,,,,,
BST;0x101956F4;BmsConnectorOverTemp;12;2;BMS component and output connector over-temperature,,,,,,
BST;0x101956F4;ChargerSuspendsActively;6;2;Wether charger actively suspends,,,,,,
BST;0x101956F4;ChargingConnectorFault;14;2;Charging connector fault,,,,,,
BST;0x101956F4;ExcessiveCurrentError;24;2;Whether current exceeds the demand value,,,,,,
BST;0x101956F4;HighVoltageRelayFault;18;2;High voltage relay fault,,,,,,
BST;0x101956F4;InsulationFault;8;2;Wether insulation fault,,,,,,
BST;0x101956F4;OtherFaults;22;2;Other faults,,,,,,
BST;0x101956F4;OutputConnectorOverTemp;10;2;Output connector over-temperature,,,,,,
BST;0x101956F4;RequiredSocTargetValue;0;2;Wether the required SOC target value reached,,,,,,
BST;0x101956F4;SettingValueOfSingleVoltage;4;2;Wether the setting value of single voltage reached,,,,,,
BST;0x101956F4;SettingValueOfTotalVoltage;2;2;Wether the setting value of total voltage reached,,,,,,
BST;0x101956F4;VoltageDetectionFault;20;2;Voltage detection fault at check point 2,,,,,,
CCS;0x1812F456;ChargingPermissible;48;2;Charging permissible,,,,,,
CCS;0x1812F456;CumulativeChargingTime;32;16;Cumulative charging time (min),,,,,,
CCS;0x1812F456;CurrentOutputValue;16;16;Current output value (A),,,,,,
CCS;0x1812F456;VoltageOutputValue;0;16;Voltage output value (V),,,,,,
CEM;0x81FF456;Timeout_BCP;8;2;Timeout of battery charging parameter message,,,,,,
CEM;0x81FF456;Timeout_BCS;16;2;Timeout of overall battery charging state message,,,,,,
CEM;0x81FF456;Timeout_BRM;0;2;Timeout of BMS and vehicle recognition message,,,,,,
CEM;0x81FF456;Timeout_BRO;10;2;Timeout of BMS's charging preparation completion message,,,,,,
CEM;0x81FF456;Timeout_BSD;24;2;Timeout of BMS's charging statistics message,,,,,,
CEM;0x81FF456;Timeout_BSM;18;2;Timeout of battery charging requirement message,,,,,,
CEM;0x81FF456;Timeout_BST;20;2;Timeout of BMS's charging suspension message,,,,,,
CML;0x1808F456;MaxOutputCurrent;32;16;Maximum output current (A),,,,,,
CML;0x1808F456;MaxOutputVoltage;0;16;Maximum output voltage (V),,,,,,
CML;0x1808F456;MinOutputCurrent;48;16;Minimum output current (A),,,,,,
CML;0x1808F456;MinOutputVoltage;16;16;Minimum output voltage (V),,,,,,
CRM;0x1801F456;ChargerLocation;40;24;Charger/charging station location code,,,,,,
CRM;0x1801F456;ChargerNumber;8;32;Charger Number,,,,,,
CRM;0x1801F456;RecognitionResult;0;8;Recognition  result,,,,,,
CRO;0x100AF456;ChargerReadyForCharging;0;8;Whether charger is ready for charging,,,,,,
CSD;0x181DF456;ChargerNo;32;32;Charger No.,,,,,,
CSD;0x181DF456;CumulativeChargingTime;0;16;Cumulative charging time (min),,,,,,
CSD;0x181DF456;OutputEnergy;16;16;Output energy,,,,,,
CST;0x101AF456;AbnormalVoltageError;26;2;Voltage is abnormal,,,,,,
CST;0x101AF456;BmsActivelySuspends;6;2;BMS actively suspends charging,,,,,,
CST;0x101AF456;CannotSupplyReqElQuantity;14;2;The required electric quantity cannot be transmitted,,,,,,
CST;0x101AF456;ChargerIntPartOverTemp;12;2;Charger is over-temperature at the internal part,,,,,,
CST;0x101AF456;ChargerOverTemp;8;2;Charging suspended: charger over-temperature,,,,,,
CST;0x101AF456;ChargingConnectorFault;10;2;Charging suspended: charging connector fault,,,,,,
CST;0x101AF456;ConditionReached;0;2;Charging suspends due to reaching the condition set by charger,,,,,,
CST;0x101AF456;CurrentMismatchError;24;2;Current mismatching,,,,,,
CST;0x101AF456;FaultSuspension;4;2;Charging fault suspension,,,,,,
CST;0x101AF456;OtherFault;18;2;Other fault,,,,,,
CST;0x101AF456;SuddenStop;16;2;Sudden stop of charger,,,,,,
CST;0x101AF456;SuspendsArtificially;2;2;Charging suspends artificially,,,,,,
CHM;0x1826F456;MajorChargerVersion;8;16;,,,,,,
